{
    "az_classic_vm": [
        {
            "sheetName": "classic_vms"
        }
    ],
    "az_classic_endpoints": [
        {
            "sheetName": "classic_endpoints"
        }
    ],
    "az_vm_provisioning_status": [
        {
            "sheetName": "vm_provisioning_status"
        }
    ],
    "az_pricing_tier": [
        {
            "fields": [
                "name",
                "pricing",
                "pricingTier"
            ],
            "sheetName": "pricing_tier"
        }
    ],
    "az_monitor_alerts": [
        {
            "fields": [
                "name",
                "description",
                "location",
                "scopes",
                "operationName",
                "categoryName",
                "enabled"
            ],
            "sheetName": "monitor_alerts"
        }
    ],
    "az_security_status": [
        {
            "fields": [
                "name",
                "properties.securityState",
                "properties.type"
            ],
            "sheetName": "security_status"
        }
    ],
    "az_rbac_users": [
        {
            "sheetName": "aad_rbac_users"
        }
    ],
    "az_classic_admins": [
        {
            "sheetName": "aad_classic_admins"
        }
    ],
    "az_virtual_machines": [
        {
            "fields": [
                "name",
                "type",
                "location",
                "tags",
                "encryptionsettingsenabled",
                "InterfaceName",
                "LocalIPAddress",
                "MACAddress",
                "IPForwardingEnabled"
            ],
            "sheetName": "virtual_machines"
        }
    ],
    "az_sql_servers": [
        {
            "sheetName": "sql_servers"
        }
    ],
    "az_sql_databases": [
        {
            "sheetName": "sql_databases"
        }
    ],
    "az_app_services": [
        {
            "fields": [
                "name",
                "kind",
                "location",
                "state",
                "enabled",
                "adminEnabled",
                "availabilityState",
                "computeMode",
                "clientAffinityEnabled",
                "clientCertEnabled",
                "hostNamesDisabled",
                "resourceGroup",
                "defaultHostName",
                "httpsOnly",
                "identityType",
                "principalId",
                "ftpsState",
                "remoteDebuggingEnabled",
                "httpLoggingEnabled",
                "detailedErrorLoggingEnabled",
                "http20Enabled",
                "minTlsVersion",
                "siteAuthEnabled",
                "linuxFxVersion",
                "windowsFxVersion",
                "netFrameworkVersion",
                "phpVersion",
                "pythonVersion",
                "nodeVersion",
                "javaVersion",
                "fileChangeAuditEnabled",
                "ipSecurityRestrictions",
                "appCommandLine",
                "publishingUsername",
                "requestTracingEnabled",
                "logsDirectorySizeLimit",
                "runtimeADUser",
                "runtimeADUserPassword",
                "siteAuthSettings",
                "backupCount",
                "snapshotCount"
            ],
            "sheetName": "app_services"
        }
    ],
    "az_storage_accounts": [
        {
            "sheetName": "storage_accounts"
        }
    ],
    "az_storage_public_blobs": [
        {
            "sheetName": "storage_public_blobs"
        }
    ]
}