{
	"app_service_missing_identity": [
        {
            "translate": {
                "name": "Application Name",
                "kind": "Kind",
                "location": "Location",
                "properties.defaultHostName": "HostName",
                "properties.httpsOnly": "Https Only",
                "identity.principalId": "Principal ID",
                "configuration.properties.ftpsState": "SSL FTP",
                "configuration.properties.minTlsVersion": "TLS Version",
                "configuration.properties.siteAuthSettings.Enabled": "Site Auth Enabled"
            },
            "table": "asList",
            "emphasis": ["Principal ID"]
        }
    ],
    "app_service_site_auth_disabled": [
        {
            "translate": {
                "name": "Application Name",
                "kind": "Kind",
                "location": "Location",
                "properties.defaultHostName": "HostName",
                "properties.httpsOnly": "Https Only",
                "configuration.properties.ftpsState": "SSL FTP",
                "configuration.properties.minTlsVersion": "TLS Version",
                "configuration.properties.siteAuthSettings.Enabled": "Site Auth Enabled"
            },
            "table": "asList",
            "emphasis": ["Site Auth Enabled"]
        }
    ],
	"app_service_missing_client_cert": [
        {
            "translate": {
                "name": "Application Name",
                "kind": "Kind",
                "location": "Location",
                "properties.defaultHostName": "HostName",
                "properties.httpsOnly": "Https Only",
                "configuration.properties.ftpsState": "SSL FTP",
                "configuration.properties.minTlsVersion": "TLS Version",
                "properties.clientCertEnabled": "Client certificate enabled"
            },
            "table": "asList",
            "emphasis": ["Client certificate enabled"]
        }
    ],
    "app_service_httpsonly_disabled": [
        {
            "translate": {
                "name": "Application Name",
                "kind": "Kind",
                "location": "Location",
                "properties.defaultHostName": "HostName",
                "properties.httpsOnly": "Https Only",
                "configuration.properties.ftpsState": "SSL FTP",
                "configuration.properties.minTlsVersion": "TLS Version"
            },
            "table": "asList",
            "emphasis": ["Https Only"]
        }
    ],
    "app_service_latest_tls_missing": [
        {
            "translate": {
                "name": "Application Name",
                "kind": "Kind",
                "location": "Location",
                "properties.defaultHostName": "HostName",
                "properties.httpsOnly": "Https Only",
                "configuration.properties.ftpsState": "SSL FTP",
                "configuration.properties.minTlsVersion": "TLS Version"
            },
            "table": "asList",
            "emphasis": ["TLS Version"]
        }
    ],
	"app_service_latest_java_missing": [
        {
            "translate": {
                "name": "Application Name",
                "kind": "Kind",
                "location": "Location",
                "properties.defaultHostName": "HostName",
                "properties.httpsOnly": "Https Only",
                "configuration.properties.minTlsVersion": "TLS Version",
				"configuration.properties.javaVersion": "Java Version"
            },
            "table": "Normal"
        }
    ],
	"app_service_latest_php_missing": [
        {
            "translate": {
                "name": "Application Name",
                "kind": "Kind",
                "location": "Location",
                "properties.defaultHostName": "HostName",
                "properties.httpsOnly": "Https Only",
                "configuration.properties.minTlsVersion": "TLS Version",
				"configuration.properties.linuxFxVersion": "FX Version",
				"configuration.properties.phpVersion": "PHP Version"
            },
            "table": "Normal"
        }
    ],
	"app_service_latest_python_missing": [
        {
            "translate": {
                "name": "Application Name",
                "kind": "Kind",
                "location": "Location",
                "properties.defaultHostName": "HostName",
                "properties.httpsOnly": "Https Only",
                "configuration.properties.minTlsVersion": "TLS Version",
				"configuration.properties.linuxFxVersion": "FX Version",
				"configuration.properties.pythonVersion": "Python Version"
            },
            "table": "Normal"
        }
    ],
	"app_service_http20_disabled": [
        {
            "translate": {
                "name": "Application Name",
                "kind": "Kind",
                "location": "Location",
                "properties.defaultHostName": "HostName",
                "properties.httpsOnly": "Https Only",
                "configuration.properties.minTlsVersion": "TLS Version",
				"configuration.properties.http20Enabled": "HTTP 2.0 Enabled"
            },
            "table": "Normal"
        }
    ]
}