{
	"o365_purview_missing_government_data_sits": [
		{
			"translate": {
				"controlName": "Control Name",
				"Sits": "Sits"
			},
			"table": "Normal",
			"actions":{
				"objectData":{
					"expand": ["*"],
					"format": "json"
				},
				"showGoToButton":"True",
				"showModalButton":"True"
			}
		}
	],
	"o365_purview_missing_ephi_data_sits": [
		{
			"translate": {
				"controlName": "Control Name",
				"Sits": "Sits"
			},
			"table": "Normal",
			"actions":{
				"objectData":{
					"expand": ["*"],
					"format": "json"
				},
				"showGoToButton":"True",
				"showModalButton":"True"
			}
		}
	],
	"o365_purview_missing_financial_data_sits": [
		{
			"translate": {
				"controlName": "Control Name",
				"Sits": "Sits"
			},
			"table": "Normal",
			"actions":{
				"objectData":{
					"expand": ["*"],
					"format": "json"
				},
				"showGoToButton":"True",
				"showModalButton":"True"
			}
		}
	],
	"o365_purview_missing_company_data_sits": [
		{
			"translate": {
				"controlName": "Control Name",
				"Sits": "Sits"
			},
			"table": "Normal",
			"actions":{
				"objectData":{
					"expand": ["*"],
					"format": "json"
				},
				"showGoToButton":"True",
				"showModalButton":"True"
			}
		}
	],
	"o365_purview_missing_pii_data_sits": [
		{
			"translate": {
				"controlName": "Control Name",
				"Sits": "Sits"
			},
			"table": "Normal",
			"actions":{
				"objectData":{
					"expand": ["*"],
					"format": "json"
				},
				"showGoToButton":"True",
				"showModalButton":"True"
			}
		}
	],
	"o365_exo_dlp_Sharepoint_disabled": [
		{
			"translate": {
				"Rule.Name": "Rule Name",
				"policyName": "Policy Name",
				"isEnabled": "Enabled",
				"Policy.SharePointLocation": "SharePoint Location"
			},
			"table": "Normal",
			"actions":{
				"objectData":{
					"expand": ["Policy"],
					"format": "json"
				},
				"showGoToButton":"True",
				"showModalButton":"True"
			}
		}
	],
	"o365_exo_dlp_Teams_disabled": [
		{
			"translate": {
				"Rule.Name": "Rule Name",
				"policyName": "Policy Name",
				"isEnabled": "Enabled",
				"Policy.TeamsLocation": "Teams Location"
			},
			"table": "Normal",
			"actions":{
				"objectData":{
					"expand": ["Policy"],
					"format": "json"
				},
				"showGoToButton":"True",
				"showModalButton":"True"
			}
		}
	],
	"o365_exo_dlp_OneDrive_disabled": [
		{
			"translate": {
				"Rule.Name": "Rule Name",
				"policyName": "Policy Name",
				"isEnabled": "Enabled",
				"Policy.OneDriveLocation": "OneDrive Location"
			},
			"table": "Normal",
			"actions":{
				"objectData":{
					"expand": ["Policy"],
					"format": "json"
				},
				"showGoToButton":"True",
				"showModalButton":"True"
			}
		}
	],
	"o365_exo_dlp_Exchange_disabled": [
		{
			"translate": {
				"Rule.Name": "Rule Name",
				"policyName": "Policy Name",
				"isEnabled": "Enabled",
				"Policy.ExchangeLocation": "Exchange Location"
			},
			"table": "Normal",
			"actions":{
				"objectData":{
					"expand": ["Policy"],
					"format": "json"
				},
				"showGoToButton":"True",
				"showModalButton":"True"
			}
		}
	]
}