{
	"aad_privileged_users_with_mfa_disabled": [
        {
            "translate": {
				"userPrincipalName": "UserPrincipalName",
                "displayName": "Display Name",
                "userType": "User Type",
				"MemberOf": "Member",
				"mfaenabled": "MFA Enabled"
            },
            "table": "Normal",
			"actions":{
				"objectData":{
					"expand": ["*"],
					"format": "json"
				},
				"showGoToButton":"True",
				"showModalButton":"True"
			}
        }
    ],
	"aad_users_with_mfa_disabled": [
        {
            "translate": {
				"userPrincipalName": "UserPrincipalName",
                "displayName": "Display Name",
                "userType": "User Type",
				"mfaenabled": "MFA Enabled"
            },
            "table": "Normal",
			"actions":{
				"objectData":{
					"expand": ["*"],
					"format": "json"
				},
				"showGoToButton":"True",
				"showModalButton":"True"
			}
        }
    ],
	"aad_excessive_company_admins": [
        {
            "translate": {
                "displayName": "Display Name",
                "objectType": "Object Type",
                "accountEnabled": "Account Enabled",
                "MemberOf": "Member Of"
            },
            "table": "Normal"
        }
    ],
    "aad_excessive_owners": [
        {
            "translate": {
                "displayName": "Display Name",
                "objectType": "Object Type",
                "roleName": "Role Name",
                "roleDescription": "Role Description"
            },
            "table": "Normal"
        }
    ],
    "aad_only_one_company_admin": [
        {
            "translate": {
                "displayName": "Display Name",
                "objectType": "Object Type",
                "accountEnabled": "Account Enabled",
                "MemberOf": "Member Of"
            },
            "table": "Normal"
        }
    ],
    "aad_subscription_only_one_owner": [
        {
            "translate": {
                "displayName": "Display Name",
                "objectType": "Object Type",
                "roleName": "Role Name",
                "roleDescription": "Role Description"
            },
            "table": "Normal"
        }
    ],
    "aad_owners_with_mfa_disabled": [
        {
            "translate": {
                "displayName": "Display Name",
                "objectType": "Object Type",
                "accountEnabled": "Account Enabled",
                "RoleName": "Member Of"
            },
            "table": "Normal"
        }
    ],
    "aad_company_admins_with_mfa_disabled": [
        {
            "translate": {
                "displayName": "Display Name",
                "objectType": "Object Type",
                "accountEnabled": "Account Enabled",
                "MemberOf": "Member Of",
                "mfaenabled": "MFA"
            },
            "table": "Normal"
        }
    ],
    "aad_service_principal_company_admin": [
        {
            "translate": {
                "displayName": "Display Name",
                "objectType": "Object Type",
                "accountEnabled": "Account Enabled",
                "homePage": "Home Page",
                "MemberOf": "Member Of"
            },
            "table": "Normal"
        }
    ],
    "aad_service_principal_owners": [
        {
            "translate": {
                "displayName": "Display Name",
                "objectType": "Object Type",
                "roleName": "Role Name",
                "roleDescription": "Role Description"
            },
            "table": "Normal"
        }
    ]
}