{
    "aad_domains": [
        {
            "fields": [
                "authenticationType",
                "availabilityStatus",
                "isAdminManaged",
                "isDefault",
                "isDefaultForCloudRedirections",
                "isInitial",
                "supportedServices",
                "isRoot",
                "isVerified",
                "name",
                "forceDeleteState",
                "passwordValidityPeriodInDays",
                "passwordNotificationWindowInDays"
            ],
            "sheetName": "domains"
        }
    ],
    "aad_conditional_policies": [
        {
            "sheetName": "conditional_policies"
        }
    ],
    "aad_domain_events": [
        {
            "sheetName": "domain_events"
        }
    ],
    "aad_tenant_info": [
        {
            "sheetName": "tenant_info"
        }
    ],
    "aad_directory_properties": [
        {
            "sheetName": "aad_properties"
        }
    ],
    "aad_default_directory_props": [
        {
            "sheetName": "aad_default_properties"
        }
    ],
    "aad_b2b_directory_properties": [
        {
            "sheetName": "aad_b2b_properties"
        }
    ],
    "aad_b2b_directory_policies": [
        {
            "sheetName": "aad_b2b_policies"
        }
    ],
    "aad_group_properties": [
        {
            "sheetName": "aad_group_properties"
        }
    ],
    "aad_group_naming_policy": [
        {
            "sheetName": "aad_group_naming_policy"
        }
    ],
    "aad_dynamic_group_properties": [
        {
            "sheetName": "aad_dynamic_group_properties"
        }
    ],
    "aad_domain_policies": [
        {
            "fields": [
                "objectType",
                "objectId",
                "deletionTimestamp",
                "alternativeIdentifier",
                "definition",
                "displayName",
                "isTenantDefault",
                "keyCredentials",
                "type"
            ],
            "sheetName": "domain_policies"
        }
    ],
    "aad_managed_app": [
        {
            "sheetName": "managed_apps"
        }
    ],
    "aad_managed_app_perms": [
        {
            "sheetName": "managed_apps_perms"
        }
    ],
    "aad_managed_app_user_settings": [
        {
            "sheetName": "managed_apps_user_settings"
        }
    ],
    "aad_managed_app_perms_byusers": [
        {
            "sheetName": "managed_apps_perms_byuser"
        }
    ],
    "aad_directory_roles": [
        {
            "sheetName": "aad_directory_roles"
        }
    ],
    "aad_directory_user_roles": [
        {
            "sheetName": "aad_directory_user_roles"
        }
    ]
}