{
	"ofb_sync_from_unmanaged_devices_enabled": [
        {
            "translate": {
                "ConditionalAccessPolicy": "Conditional Access Policy",
                "DisablePersonalListCreation": "Disable Personal List Creation",
				"DisallowInfectedFileDownload": "Prevent Infected File Download",
                "IsUnmanagedSyncClientForTenantRestricted": "Restrict Access From Unmanaged Devices"
            },
            "table": "Normal",
			"actions":{
				"objectData":{
					"expand": ["*"],
					"format": "json"
				},
				"showGoToButton":"True",
				"showModalButton":"True"
			}
        }
    ]
}