{
	"azure_vm_missing_critical_updates": [
        {
            "translate": {
                "ServerName": "Server Name",
                "Title": "Title",
                "MSRCSeverity": "Severity",
                "KBID": "KBID"
            },
            "table": "Normal"
        }
    ],
	"az_vm_antimalware_disabled": [
        {
            "translate": {
                "name": "Disk Name",
                "LocalIPAddress": "Local IP Address",
                "location": "Location",
                "IPForwardingEnabled": "IP Forwarding Enabled",
                "PublicIPAddress": "Public IP Address",
                "os_disk_encryption": "OS disk encryption",
                "antimalwareAgent": "Antimalware agent installed"
            },
            "table": "asList",
            "emphasis": ["Antimalware agent installed"]
        }
    ],
	"azure_data_disk_encryption_disabled": [
        {
            "translate": {
                "name": "Disk Name",
                "skuname": "SKU Name",
                "location": "Location",
                "ostype": "OS Type",
                "timecreated": "Created time",
                "os_disk_encryption": "Encryption settings"
            },
            "table": "asList",
            "emphasis": ["Encryption settings"]
        }
    ],
	"azure_os_allowed_extensions": [
        {
            "translate": {
                "name": "VM Name",
                "location": "Location",
				"antimalwareAgent": "AV Installed",
                "resources.name": "Extension"
            },
            "table": "Normal",
			"actions":{
				"objectData":{
					"expand": ["*"],
					"format": "json"
				},
				"showGoToButton":"True",
				"showModalButton":"True"
			}
        }
    ],
	"azure_os_managed_disk_disabled": [
        {
            "translate": {
                "name": "VM Name",
                "location": "Location",
                "os_managed_disk": "Managed Disk"
            },
            "table": "Normal",
			"actions":{
				"objectData":{
					"expand": ["name","location","tags","data_disks"],
					"format": "json"
				},
				"showGoToButton":"True",
				"showModalButton":"True"
			}
        }
    ]
}