{
	"postgresql_enforcessl_disabled": [
        {
            "translate": {
                "serverName": "Server Name",
                "serverLocation": "Location",
                "resourceGroupName": "Resource group name",
                "fullyQualifiedDomainName": "FQDN",
                "sslEnforcement": "SSL Enforcement",
                "version": "PostgreSQL version"
            },
            "table": "asList",
            "emphasis": ["SSL Enforcement"]
        }
    ],
    "postgresql_log_checkpoints_disabled": [
        {
            "translate": {
                "serverName": "Server Name",
                "parameterName": "Parameter Name",
                "parameterDescription": "Parameter description",
                "parameterValue": "Parameter value",
                "parameterDefaultValue": "Parameter default value"
            },
            "table": "asList",
            "emphasis": ["Parameter value",
                         "Parameter Name"]
        }
    ],
    "postgresql_log_connections_disabled": [
        {
            "translate": {
                "serverName": "Server Name",
                "parameterName": "Parameter Name",
                "parameterDescription": "Parameter description",
                "parameterValue": "Parameter value",
                "parameterDefaultValue": "Parameter default value"
            },
            "table": "asList",
            "emphasis": ["Parameter value",
                         "Parameter Name"]
        }
    ],
    "postgresql_log_retention_days_minimum_value": [
        {
            "translate": {
                "serverName": "Server Name",
                "parameterName": "Parameter Name",
                "parameterDescription": "Parameter description",
                "parameterValue": "Parameter value",
                "parameterDefaultValue": "Parameter default value"
            },
            "table": "asList",
            "emphasis": ["Parameter value",
                         "Parameter Name"]
        }
    ],
    "postgresql_log_disconnections_disabled": [
        {
            "translate": {
                "serverName": "Server Name",
                "parameterName": "Parameter Name",
                "parameterDescription": "Parameter description",
                "parameterValue": "Parameter value",
                "parameterDefaultValue": "Parameter default value"
            },
            "table": "asList",
            "emphasis": ["Parameter value",
                         "Parameter Name"]
        }
    ],
    "postgresql_log_duration_disabled": [
        {
            "translate": {
                "serverName": "Server Name",
                "parameterName": "Parameter Name",
                "parameterDescription": "Parameter description",
                "parameterValue": "Parameter value",
                "parameterDefaultValue": "Parameter default value"
            },
            "table": "asList",
            "emphasis": ["Parameter value",
                         "Parameter Name"]
        }
    ]
}