{
	"azure_defender_missing_appservice_protection": [
        {
            "translate": {
                "name": "Resource Name",
                "properties.pricingTier": "Pricing Tier"
            },
            "table": "asList",
            "emphasis": ["Pricing Tier"]
        }
    ],
	"azure_defender_missing_container_protection": [
        {
            "translate": {
                "name": "Resource Name",
                "properties.pricingTier": "Pricing Tier"
            },
            "table": "asList",
            "emphasis": ["Pricing Tier"]
        }
    ],
	"azure_defender_missing_keyvault_protection": [
        {
            "translate": {
                "name": "Resource Name",
                "properties.pricingTier": "Pricing Tier"
            },
            "table": "asList",
            "emphasis": ["Pricing Tier"]
        }
    ],
	"azure_defender_missing_kubernetes_protection": [
        {
            "translate": {
                "name": "Resource Name",
                "properties.pricingTier": "Pricing Tier"
            },
            "table": "asList",
            "emphasis": ["Pricing Tier"]
        }
    ],
	"azure_defender_missing_sql_server_protection": [
        {
            "translate": {
                "name": "Resource Name",
                "properties.pricingTier": "Pricing Tier"
            },
            "table": "asList",
            "emphasis": ["Pricing Tier"]
        }
    ],
	"azure_defender_missing_sql_server_vm_protection": [
        {
            "translate": {
                "name": "Resource Name",
                "properties.pricingTier": "Pricing Tier"
            },
            "table": "asList",
            "emphasis": ["Pricing Tier"]
        }
    ],
	"azure_defender_missing_vm_protection": [
        {
            "translate": {
                "name": "Resource Name",
                "properties.pricingTier": "Pricing Tier"
            },
            "table": "asList",
            "emphasis": ["Pricing Tier"]
        }
    ],
	"azure_defender_missing_storageaccount_protection": [
        {
            "translate": {
                "name": "Resource Name",
                "properties.pricingTier": "Pricing Tier"
            },
            "table": "asList",
            "emphasis": ["Pricing Tier"]
        }
    ],
	"cloud_app_security_missing_sec_center_integration": [
        {
            "translate": {
                "name": "Resource Name",
                "properties.pricingTier": "Pricing Tier"
            },
            "table": "asList",
            "emphasis": ["Pricing Tier"]
        }
    ],
	"windows_defender_atp_missing_integration": [
        {
            "translate": {
                "name": "Resource Name",
                "properties.pricingTier": "Pricing Tier"
            },
            "table": "asList",
            "emphasis": ["Pricing Tier"]
        }
    ]
}